url,status,finalUrl,ms,contentType,title,desc,canonical,robots,h1,jsonLdCount,bodyHash,bytes,error
https://rehablookup-fee48b92.vercel.app/,200,https://rehablookup-fee48b92.vercel.app/,291,text/html; charset=utf-8,Find Trusted Addiction Treatment Centers | RehabLookup,"Search 15,000+ verified rehab centers near you. Compare detox, inpatient, outpatient &amp; dual diagnosis programs. Free insurance verification. 24/7 confidential help.",,"index, follow, max-image-preview:large, max-snippet:-1, max-video-preview:-1",Find Trusted Addiction Treatment Centers Near You,5,516ebf9bdba511e2,43775,
https://rehablookup-fee48b92.vercel.app/about,200,https://rehablookup-fee48b92.vercel.app/about,309,text/html; charset=utf-8,About RehabLookup | RehabLookup,Learn about RehabLookup,https://rehablookup.com/about,"index, follow",About RehabLookup,1,90b02ba94e615cb5,3278,
https://rehablookup-fee48b92.vercel.app/alcohol-rehab-near-me,200,https://rehablookup-fee48b92.vercel.app/alcohol-rehab-near-me,182,text/html; charset=utf-8,Alcohol Rehab Near Me | RehabLookup,"Find alcohol rehab centers near you. Compare local inpatient, outpatient, and detox programs for alcohol addiction.",https://rehablookup.com/alcohol-rehab-near-me,"index, follow",Alcohol Rehab Near Me,1,a054a84aa172dc6f,3370,
https://rehablookup-fee48b92.vercel.app/concierge,200,https://rehablookup-fee48b92.vercel.app/concierge,22,text/html; charset=utf-8,Concierge Placement Service | RehabLookup,"Free personalized treatment placement. Our concierge team matches you with accredited rehab centers based on your needs, insurance, and preferences.",https://rehablookup.com/concierge,"index, follow",Concierge Placement Service,1,ad0021519fb13bc7,3460,
https://rehablookup-fee48b92.vercel.app/contact,200,https://rehablookup-fee48b92.vercel.app/contact,255,text/html; charset=utf-8,Contact Us | RehabLookup,"Get in touch with RehabLookup. Questions about treatment, provider listings, or our services. We",https://rehablookup.com/contact,"index, follow",Contact Us,1,234c2a123a4cbbdc,3223,
https://rehablookup-fee48b92.vercel.app/drug-rehab-near-me,200,https://rehablookup-fee48b92.vercel.app/drug-rehab-near-me,160,text/html; charset=utf-8,Drug Rehab Near Me | RehabLookup,"Find drug rehab centers near you. Local addiction treatment programs with detox, inpatient, and outpatient options.",https://rehablookup.com/drug-rehab-near-me,"index, follow",Drug Rehab Near Me,1,ef1c02b322ac7e79,3337,
https://rehablookup-fee48b92.vercel.app/for-providers,200,https://rehablookup-fee48b92.vercel.app/for-providers,212,text/html; charset=utf-8,List Your Rehab Center Free | RehabLookup for Providers,List your treatment center for free on RehabLookup. Connect with families actively seeking care and grow your admissions.,https://rehablookup.com/for-providers,"index, follow",Grow Your Admissions with Qualified Families,2,5dbc73e1d60fa52c,14271,
https://rehablookup-fee48b92.vercel.app/insurance,200,https://rehablookup-fee48b92.vercel.app/insurance,304,text/html; charset=utf-8,Insurance Coverage for Rehab | RehabLookup,"Learn how your insurance covers addiction treatment. Verify benefits for major carriers including Aetna, BCBS, Cigna, UnitedHealthcare, and more.",https://rehablookup.com/insurance,"index, follow",Insurance Coverage for Rehab,1,3737a1bc5879e8f7,3453,
https://rehablookup-fee48b92.vercel.app/insurance/aetna-rehab,200,https://rehablookup-fee48b92.vercel.app/insurance/aetna-rehab,144,text/html; charset=utf-8,Aetna Rehab Coverage | RehabLookup,"Aetna insurance coverage for addiction treatment. Find in-network rehab centers, verify benefits, and understand your coverage.",https://rehablookup.com/insurance/aetna-rehab,"index, follow",Aetna Rehab Coverage,1,894a89527b748450,3542,
https://rehablookup-fee48b92.vercel.app/insurance/bcbs-treatment,200,https://rehablookup-fee48b92.vercel.app/insurance/bcbs-treatment,182,text/html; charset=utf-8,BCBS Treatment Coverage | RehabLookup,Blue Cross Blue Shield coverage for addiction treatment. Find in-network rehab centers and understand your BCBS benefits.,https://rehablookup.com/insurance/bcbs-treatment,"index, follow",BCBS Treatment Coverage,1,5487c680b18707cd,3551,
https://rehablookup-fee48b92.vercel.app/locations,200,https://rehablookup-fee48b92.vercel.app/locations,330,text/html; charset=utf-8,Find Rehab Centers by Location | RehabLookup,Browse addiction treatment centers by state and city. Find accredited rehab programs near you across all 50 states.,https://rehablookup.com/locations,"index, follow",Find Rehab Centers by Location,1,e2938d456c426772,3343,
https://rehablookup-fee48b92.vercel.app/luxury-rehab-near-me,200,https://rehablookup-fee48b92.vercel.app/luxury-rehab-near-me,173,text/html; charset=utf-8,Luxury Rehab Near Me | RehabLookup,"Find luxury rehab centers near you with premium amenities, private accommodations, and world-class addiction treatment.",https://rehablookup.com/luxury-rehab-near-me,"index, follow",Luxury Rehab Near Me,1,e2964783798059d4,3375,
https://rehablookup-fee48b92.vercel.app/rehab-centers,200,https://rehablookup-fee48b92.vercel.app/rehab-centers,318,text/html; charset=utf-8,Find Rehab Centers Near You | RehabLookup,"Search accredited addiction treatment centers across the United States. Compare facilities, verify insurance, and start your recovery journey.",https://rehablookup.com/rehab-centers,"index, follow",Find Rehab Centers Near You,1,bcda1ac04cf8c672,3460,
https://rehablookup-fee48b92.vercel.app/rehab-centers/california,200,https://rehablookup-fee48b92.vercel.app/rehab-centers/california,144,text/html; charset=utf-8,Rehab Centers in California — Find Addiction Treatment | RehabLookup,"Find accredited rehab centers in California. Compare inpatient, outpatient, and detox programs. Verify insurance coverage and start recovery today.",https://rehablookup.com/rehab-centers/california,"index, follow",Rehab Centers in California,2,add671cc087b13ea,6526,
https://rehablookup-fee48b92.vercel.app/rehab-centers/florida,200,https://rehablookup-fee48b92.vercel.app/rehab-centers/florida,198,text/html; charset=utf-8,Rehab Centers in Florida — Find Addiction Treatment | RehabLookup,"Find accredited rehab centers in Florida. Compare inpatient, outpatient, and detox programs. Verify insurance coverage and start recovery today.",https://rehablookup.com/rehab-centers/florida,"index, follow",Rehab Centers in Florida,2,b4ae7531aeff8bb0,6336,
https://rehablookup-fee48b92.vercel.app/rehab-centers/new-york,200,https://rehablookup-fee48b92.vercel.app/rehab-centers/new-york,152,text/html; charset=utf-8,Rehab Centers in New York — Find Addiction Treatment | RehabLookup,"Find accredited rehab centers in New York. Compare inpatient, outpatient, and detox programs. Verify insurance coverage and start recovery today.",https://rehablookup.com/rehab-centers/new-york,"index, follow",Rehab Centers in New York,2,9e61dd9c750884d7,6204,
https://rehablookup-fee48b92.vercel.app/rehab-centers/texas,200,https://rehablookup-fee48b92.vercel.app/rehab-centers/texas,177,text/html; charset=utf-8,Rehab Centers in Texas — Find Addiction Treatment | RehabLookup,"Find accredited rehab centers in Texas. Compare inpatient, outpatient, and detox programs. Verify insurance coverage and start recovery today.",https://rehablookup.com/rehab-centers/texas,"index, follow",Rehab Centers in Texas,2,4a6e944bdfee996e,6230,
https://rehablookup-fee48b92.vercel.app/rehab-near-me,200,https://rehablookup-fee48b92.vercel.app/rehab-near-me,193,text/html; charset=utf-8,Rehab Near Me — Find Local Treatment | RehabLookup,"Find rehab centers near you. Compare verified addiction treatment facilities offering detox, inpatient, and outpatient programs.",https://rehablookup.com/rehab-near-me,"index, follow",Rehab Near Me,1,742065f798f6e8a4,6005,
https://rehablookup-fee48b92.vercel.app/resources,200,https://rehablookup-fee48b92.vercel.app/resources,173,text/html; charset=utf-8,Addiction Recovery Resources | RehabLookup,"Free resources for addiction recovery including guides, articles, and tools. Education on treatment options, insurance, and the recovery process.",https://rehablookup.com/resources,"index, follow",Addiction Recovery Resources,1,0bf9b628bf25d905,3453,
https://rehablookup-fee48b92.vercel.app/robots.txt,200,https://rehablookup-fee48b92.vercel.app/robots.txt,150,text/plain; charset=utf-8,,,,,,,,,
https://rehablookup-fee48b92.vercel.app/sitemap-index.xml,200,https://rehablookup-fee48b92.vercel.app/sitemap-index.xml,169,application/xml; charset=utf-8,,,,,,,,,
https://rehablookup-fee48b92.vercel.app/sitemap.xml,200,https://rehablookup-fee48b92.vercel.app/sitemap.xml,31,application/xml; charset=utf-8,,,,,,,,,
https://rehablookup-fee48b92.vercel.app/treatment-types,200,https://rehablookup-fee48b92.vercel.app/treatment-types,317,text/html; charset=utf-8,Addiction Treatment Types | RehabLookup,"Explore different types of addiction treatment including inpatient rehab, outpatient programs, detox, dual diagnosis, and specialty programs.",https://rehablookup.com/treatment-types,"index, follow",Addiction Treatment Types,1,a7952af745d58166,3458,
https://rehablookup-fee48b92.vercel.app/treatment-types/detox-programs,200,https://rehablookup-fee48b92.vercel.app/treatment-types/detox-programs,153,text/html; charset=utf-8,Medical Detox Programs | RehabLookup,"Find medically supervised detox programs for safe withdrawal. 24/7 monitoring, medication-assisted protocols, and compassionate care.",https://rehablookup.com/treatment-types/detox-programs,"index, follow",Medical Detox Programs,1,1016877c3c5dbfc3,3642,
https://rehablookup-fee48b92.vercel.app/treatment-types/residential-inpatient,200,https://rehablookup-fee48b92.vercel.app/treatment-types/residential-inpatient,188,text/html; charset=utf-8,Residential Inpatient Treatment | RehabLookup,"Explore residential inpatient treatment programs with 24/7 care, structured therapy, and supportive recovery environments.",https://rehablookup.com/treatment-types/residential-inpatient,"index, follow",Residential Inpatient Treatment,1,3d72b25e64672df1,3685,
https://rehablookup.com/,200,https://rehablookup.com/,148,text/html; charset=utf-8,Find Trusted Addiction Treatment Centers | RehabLookup,"Search 15,000+ verified rehab centers near you. Compare detox, inpatient, outpatient &amp; dual diagnosis programs. Free insurance verification. 24/7 confidential help.",,"index, follow, max-image-preview:large, max-snippet:-1, max-video-preview:-1",Find Trusted Addiction Treatment Centers Near You,5,516ebf9bdba511e2,43848,
https://rehablookup.com/affordable-rehab-near-me,200,https://rehablookup.com/affordable-rehab-near-me,143,text/html; charset=utf-8,Find Trusted Addiction Treatment Centers | RehabLookup,"Search 15,000+ verified rehab centers near you. Compare detox, inpatient, outpatient &amp; dual diagnosis programs. Free insurance verification. 24/7 confidential help.",,"index, follow, max-image-preview:large, max-snippet:-1, max-video-preview:-1",Find Trusted Addiction Treatment Centers Near You,5,516ebf9bdba511e2,43848,
https://rehablookup.com/alcohol-rehab-near-me,200,https://rehablookup.com/alcohol-rehab-near-me,182,text/html; charset=utf-8,Find Trusted Addiction Treatment Centers | RehabLookup,"Search 15,000+ verified rehab centers near you. Compare detox, inpatient, outpatient &amp; dual diagnosis programs. Free insurance verification. 24/7 confidential help.",,"index, follow, max-image-preview:large, max-snippet:-1, max-video-preview:-1",Find Trusted Addiction Treatment Centers Near You,5,516ebf9bdba511e2,43848,
https://rehablookup.com/concierge,200,https://rehablookup.com/concierge,143,text/html; charset=utf-8,Find Trusted Addiction Treatment Centers | RehabLookup,"Search 15,000+ verified rehab centers near you. Compare detox, inpatient, outpatient &amp; dual diagnosis programs. Free insurance verification. 24/7 confidential help.",,"index, follow, max-image-preview:large, max-snippet:-1, max-video-preview:-1",Find Trusted Addiction Treatment Centers Near You,5,516ebf9bdba511e2,43848,
https://rehablookup.com/detox-near-me,200,https://rehablookup.com/detox-near-me,160,text/html; charset=utf-8,Find Trusted Addiction Treatment Centers | RehabLookup,"Search 15,000+ verified rehab centers near you. Compare detox, inpatient, outpatient &amp; dual diagnosis programs. Free insurance verification. 24/7 confidential help.",,"index, follow, max-image-preview:large, max-snippet:-1, max-video-preview:-1",Find Trusted Addiction Treatment Centers Near You,5,516ebf9bdba511e2,43848,
https://rehablookup.com/drug-rehab-near-me,200,https://rehablookup.com/drug-rehab-near-me,187,text/html; charset=utf-8,Find Trusted Addiction Treatment Centers | RehabLookup,"Search 15,000+ verified rehab centers near you. Compare detox, inpatient, outpatient &amp; dual diagnosis programs. Free insurance verification. 24/7 confidential help.",,"index, follow, max-image-preview:large, max-snippet:-1, max-video-preview:-1",Find Trusted Addiction Treatment Centers Near You,5,516ebf9bdba511e2,43848,
https://rehablookup.com/dual-diagnosis-near-me,200,https://rehablookup.com/dual-diagnosis-near-me,146,text/html; charset=utf-8,Find Trusted Addiction Treatment Centers | RehabLookup,"Search 15,000+ verified rehab centers near you. Compare detox, inpatient, outpatient &amp; dual diagnosis programs. Free insurance verification. 24/7 confidential help.",,"index, follow, max-image-preview:large, max-snippet:-1, max-video-preview:-1",Find Trusted Addiction Treatment Centers Near You,5,516ebf9bdba511e2,43848,
https://rehablookup.com/dual-diagnosis-rehab-near-me,200,https://rehablookup.com/dual-diagnosis-rehab-near-me,167,text/html; charset=utf-8,Find Trusted Addiction Treatment Centers | RehabLookup,"Search 15,000+ verified rehab centers near you. Compare detox, inpatient, outpatient &amp; dual diagnosis programs. Free insurance verification. 24/7 confidential help.",,"index, follow, max-image-preview:large, max-snippet:-1, max-video-preview:-1",Find Trusted Addiction Treatment Centers Near You,5,516ebf9bdba511e2,43848,
https://rehablookup.com/fentanyl-rehab-near-me,200,https://rehablookup.com/fentanyl-rehab-near-me,177,text/html; charset=utf-8,Find Trusted Addiction Treatment Centers | RehabLookup,"Search 15,000+ verified rehab centers near you. Compare detox, inpatient, outpatient &amp; dual diagnosis programs. Free insurance verification. 24/7 confidential help.",,"index, follow, max-image-preview:large, max-snippet:-1, max-video-preview:-1",Find Trusted Addiction Treatment Centers Near You,5,516ebf9bdba511e2,43848,
https://rehablookup.com/free-rehab-near-me,200,https://rehablookup.com/free-rehab-near-me,149,text/html; charset=utf-8,Find Trusted Addiction Treatment Centers | RehabLookup,"Search 15,000+ verified rehab centers near you. Compare detox, inpatient, outpatient &amp; dual diagnosis programs. Free insurance verification. 24/7 confidential help.",,"index, follow, max-image-preview:large, max-snippet:-1, max-video-preview:-1",Find Trusted Addiction Treatment Centers Near You,5,516ebf9bdba511e2,43848,
https://rehablookup.com/inpatient-rehab-near-me,200,https://rehablookup.com/inpatient-rehab-near-me,168,text/html; charset=utf-8,Find Trusted Addiction Treatment Centers | RehabLookup,"Search 15,000+ verified rehab centers near you. Compare detox, inpatient, outpatient &amp; dual diagnosis programs. Free insurance verification. 24/7 confidential help.",,"index, follow, max-image-preview:large, max-snippet:-1, max-video-preview:-1",Find Trusted Addiction Treatment Centers Near You,5,516ebf9bdba511e2,43848,
https://rehablookup.com/insurance,200,https://rehablookup.com/insurance,147,text/html; charset=utf-8,Find Trusted Addiction Treatment Centers | RehabLookup,"Search 15,000+ verified rehab centers near you. Compare detox, inpatient, outpatient &amp; dual diagnosis programs. Free insurance verification. 24/7 confidential help.",,"index, follow, max-image-preview:large, max-snippet:-1, max-video-preview:-1",Find Trusted Addiction Treatment Centers Near You,5,516ebf9bdba511e2,43848,
https://rehablookup.com/iop-near-me,200,https://rehablookup.com/iop-near-me,128,text/html; charset=utf-8,Find Trusted Addiction Treatment Centers | RehabLookup,"Search 15,000+ verified rehab centers near you. Compare detox, inpatient, outpatient &amp; dual diagnosis programs. Free insurance verification. 24/7 confidential help.",,"index, follow, max-image-preview:large, max-snippet:-1, max-video-preview:-1",Find Trusted Addiction Treatment Centers Near You,5,516ebf9bdba511e2,43848,
https://rehablookup.com/locations,200,https://rehablookup.com/locations,173,text/html; charset=utf-8,Find Trusted Addiction Treatment Centers | RehabLookup,"Search 15,000+ verified rehab centers near you. Compare detox, inpatient, outpatient &amp; dual diagnosis programs. Free insurance verification. 24/7 confidential help.",,"index, follow, max-image-preview:large, max-snippet:-1, max-video-preview:-1",Find Trusted Addiction Treatment Centers Near You,5,516ebf9bdba511e2,43848,
https://rehablookup.com/outpatient-near-me,200,https://rehablookup.com/outpatient-near-me,167,text/html; charset=utf-8,Find Trusted Addiction Treatment Centers | RehabLookup,"Search 15,000+ verified rehab centers near you. Compare detox, inpatient, outpatient &amp; dual diagnosis programs. Free insurance verification. 24/7 confidential help.",,"index, follow, max-image-preview:large, max-snippet:-1, max-video-preview:-1",Find Trusted Addiction Treatment Centers Near You,5,516ebf9bdba511e2,43848,
https://rehablookup.com/outpatient-rehab-near-me,200,https://rehablookup.com/outpatient-rehab-near-me,159,text/html; charset=utf-8,Find Trusted Addiction Treatment Centers | RehabLookup,"Search 15,000+ verified rehab centers near you. Compare detox, inpatient, outpatient &amp; dual diagnosis programs. Free insurance verification. 24/7 confidential help.",,"index, follow, max-image-preview:large, max-snippet:-1, max-video-preview:-1",Find Trusted Addiction Treatment Centers Near You,5,516ebf9bdba511e2,43848,
https://rehablookup.com/php-near-me,200,https://rehablookup.com/php-near-me,174,text/html; charset=utf-8,Find Trusted Addiction Treatment Centers | RehabLookup,"Search 15,000+ verified rehab centers near you. Compare detox, inpatient, outpatient &amp; dual diagnosis programs. Free insurance verification. 24/7 confidential help.",,"index, follow, max-image-preview:large, max-snippet:-1, max-video-preview:-1",Find Trusted Addiction Treatment Centers Near You,5,516ebf9bdba511e2,43848,
https://rehablookup.com/provider-guides/addiction-treatment-center-marketing,200,https://rehablookup.com/provider-guides/addiction-treatment-center-marketing,167,text/html; charset=utf-8,Find Trusted Addiction Treatment Centers | RehabLookup,"Search 15,000+ verified rehab centers near you. Compare detox, inpatient, outpatient &amp; dual diagnosis programs. Free insurance verification. 24/7 confidential help.",,"index, follow, max-image-preview:large, max-snippet:-1, max-video-preview:-1",Find Trusted Addiction Treatment Centers Near You,5,516ebf9bdba511e2,43848,
https://rehablookup.com/provider-guides/alcohol-rehab-marketing-guide,200,https://rehablookup.com/provider-guides/alcohol-rehab-marketing-guide,179,text/html; charset=utf-8,Find Trusted Addiction Treatment Centers | RehabLookup,"Search 15,000+ verified rehab centers near you. Compare detox, inpatient, outpatient &amp; dual diagnosis programs. Free insurance verification. 24/7 confidential help.",,"index, follow, max-image-preview:large, max-snippet:-1, max-video-preview:-1",Find Trusted Addiction Treatment Centers Near You,5,516ebf9bdba511e2,43848,
https://rehablookup.com/provider-guides/detox-center-patient-acquisition,200,https://rehablookup.com/provider-guides/detox-center-patient-acquisition,155,text/html; charset=utf-8,Find Trusted Addiction Treatment Centers | RehabLookup,"Search 15,000+ verified rehab centers near you. Compare detox, inpatient, outpatient &amp; dual diagnosis programs. Free insurance verification. 24/7 confidential help.",,"index, follow, max-image-preview:large, max-snippet:-1, max-video-preview:-1",Find Trusted Addiction Treatment Centers Near You,5,516ebf9bdba511e2,43848,
https://rehablookup.com/provider-guides/drug-rehab-marketing-strategy,200,https://rehablookup.com/provider-guides/drug-rehab-marketing-strategy,184,text/html; charset=utf-8,Find Trusted Addiction Treatment Centers | RehabLookup,"Search 15,000+ verified rehab centers near you. Compare detox, inpatient, outpatient &amp; dual diagnosis programs. Free insurance verification. 24/7 confidential help.",,"index, follow, max-image-preview:large, max-snippet:-1, max-video-preview:-1",Find Trusted Addiction Treatment Centers Near You,5,516ebf9bdba511e2,43848,
https://rehablookup.com/provider-guides/inpatient-rehab-marketing,200,https://rehablookup.com/provider-guides/inpatient-rehab-marketing,196,text/html; charset=utf-8,Find Trusted Addiction Treatment Centers | RehabLookup,"Search 15,000+ verified rehab centers near you. Compare detox, inpatient, outpatient &amp; dual diagnosis programs. Free insurance verification. 24/7 confidential help.",,"index, follow, max-image-preview:large, max-snippet:-1, max-video-preview:-1",Find Trusted Addiction Treatment Centers Near You,5,516ebf9bdba511e2,43848,
https://rehablookup.com/provider-guides/iop-program-marketing,200,https://rehablookup.com/provider-guides/iop-program-marketing,192,text/html; charset=utf-8,Find Trusted Addiction Treatment Centers | RehabLookup,"Search 15,000+ verified rehab centers near you. Compare detox, inpatient, outpatient &amp; dual diagnosis programs. Free insurance verification. 24/7 confidential help.",,"index, follow, max-image-preview:large, max-snippet:-1, max-video-preview:-1",Find Trusted Addiction Treatment Centers Near You,5,516ebf9bdba511e2,43848,
https://rehablookup.com/provider-guides/mental-health-rehab-marketing,200,https://rehablookup.com/provider-guides/mental-health-rehab-marketing,175,text/html; charset=utf-8,Find Trusted Addiction Treatment Centers | RehabLookup,"Search 15,000+ verified rehab centers near you. Compare detox, inpatient, outpatient &amp; dual diagnosis programs. Free insurance verification. 24/7 confidential help.",,"index, follow, max-image-preview:large, max-snippet:-1, max-video-preview:-1",Find Trusted Addiction Treatment Centers Near You,5,516ebf9bdba511e2,43848,
https://rehablookup.com/provider-guides/rehab-near-me-ranking-strategy,200,https://rehablookup.com/provider-guides/rehab-near-me-ranking-strategy,166,text/html; charset=utf-8,Find Trusted Addiction Treatment Centers | RehabLookup,"Search 15,000+ verified rehab centers near you. Compare detox, inpatient, outpatient &amp; dual diagnosis programs. Free insurance verification. 24/7 confidential help.",,"index, follow, max-image-preview:large, max-snippet:-1, max-video-preview:-1",Find Trusted Addiction Treatment Centers Near You,5,516ebf9bdba511e2,43848,
https://rehablookup.com/rehab-centers,200,https://rehablookup.com/rehab-centers,188,text/html; charset=utf-8,Find Trusted Addiction Treatment Centers | RehabLookup,"Search 15,000+ verified rehab centers near you. Compare detox, inpatient, outpatient &amp; dual diagnosis programs. Free insurance verification. 24/7 confidential help.",,"index, follow, max-image-preview:large, max-snippet:-1, max-video-preview:-1",Find Trusted Addiction Treatment Centers Near You,5,516ebf9bdba511e2,43848,
https://rehablookup.com/rehab-near-me,200,https://rehablookup.com/rehab-near-me,186,text/html; charset=utf-8,Find Trusted Addiction Treatment Centers | RehabLookup,"Search 15,000+ verified rehab centers near you. Compare detox, inpatient, outpatient &amp; dual diagnosis programs. Free insurance verification. 24/7 confidential help.",,"index, follow, max-image-preview:large, max-snippet:-1, max-video-preview:-1",Find Trusted Addiction Treatment Centers Near You,5,516ebf9bdba511e2,43848,
https://rehablookup.com/resources,200,https://rehablookup.com/resources,133,text/html; charset=utf-8,Find Trusted Addiction Treatment Centers | RehabLookup,"Search 15,000+ verified rehab centers near you. Compare detox, inpatient, outpatient &amp; dual diagnosis programs. Free insurance verification. 24/7 confidential help.",,"index, follow, max-image-preview:large, max-snippet:-1, max-video-preview:-1",Find Trusted Addiction Treatment Centers Near You,5,516ebf9bdba511e2,43848,
https://rehablookup.com/treatment-types,200,https://rehablookup.com/treatment-types,182,text/html; charset=utf-8,Find Trusted Addiction Treatment Centers | RehabLookup,"Search 15,000+ verified rehab centers near you. Compare detox, inpatient, outpatient &amp; dual diagnosis programs. Free insurance verification. 24/7 confidential help.",,"index, follow, max-image-preview:large, max-snippet:-1, max-video-preview:-1",Find Trusted Addiction Treatment Centers Near You,5,516ebf9bdba511e2,43848,
https://rehablookup.com/treatment-types/alcohol-rehabilitation,200,https://rehablookup.com/treatment-types/alcohol-rehabilitation,174,text/html; charset=utf-8,Find Trusted Addiction Treatment Centers | RehabLookup,"Search 15,000+ verified rehab centers near you. Compare detox, inpatient, outpatient &amp; dual diagnosis programs. Free insurance verification. 24/7 confidential help.",,"index, follow, max-image-preview:large, max-snippet:-1, max-video-preview:-1",Find Trusted Addiction Treatment Centers Near You,5,516ebf9bdba511e2,43848,
https://rehablookup.com/treatment-types/detox-programs,200,https://rehablookup.com/treatment-types/detox-programs,151,text/html; charset=utf-8,Find Trusted Addiction Treatment Centers | RehabLookup,"Search 15,000+ verified rehab centers near you. Compare detox, inpatient, outpatient &amp; dual diagnosis programs. Free insurance verification. 24/7 confidential help.",,"index, follow, max-image-preview:large, max-snippet:-1, max-video-preview:-1",Find Trusted Addiction Treatment Centers Near You,5,516ebf9bdba511e2,43848,
https://rehablookup.com/treatment-types/drug-addiction-treatment,200,https://rehablookup.com/treatment-types/drug-addiction-treatment,216,text/html; charset=utf-8,Find Trusted Addiction Treatment Centers | RehabLookup,"Search 15,000+ verified rehab centers near you. Compare detox, inpatient, outpatient &amp; dual diagnosis programs. Free insurance verification. 24/7 confidential help.",,"index, follow, max-image-preview:large, max-snippet:-1, max-video-preview:-1",Find Trusted Addiction Treatment Centers Near You,5,516ebf9bdba511e2,43848,
https://rehablookup.com/treatment-types/dual-diagnosis-treatment,200,https://rehablookup.com/treatment-types/dual-diagnosis-treatment,152,text/html; charset=utf-8,Find Trusted Addiction Treatment Centers | RehabLookup,"Search 15,000+ verified rehab centers near you. Compare detox, inpatient, outpatient &amp; dual diagnosis programs. Free insurance verification. 24/7 confidential help.",,"index, follow, max-image-preview:large, max-snippet:-1, max-video-preview:-1",Find Trusted Addiction Treatment Centers Near You,5,516ebf9bdba511e2,43848,
https://rehablookup.com/treatment-types/outpatient-programs,200,https://rehablookup.com/treatment-types/outpatient-programs,159,text/html; charset=utf-8,Find Trusted Addiction Treatment Centers | RehabLookup,"Search 15,000+ verified rehab centers near you. Compare detox, inpatient, outpatient &amp; dual diagnosis programs. Free insurance verification. 24/7 confidential help.",,"index, follow, max-image-preview:large, max-snippet:-1, max-video-preview:-1",Find Trusted Addiction Treatment Centers Near You,5,516ebf9bdba511e2,43848,
https://rehablookup.com/treatment-types/residential-inpatient,200,https://rehablookup.com/treatment-types/residential-inpatient,147,text/html; charset=utf-8,Find Trusted Addiction Treatment Centers | RehabLookup,"Search 15,000+ verified rehab centers near you. Compare detox, inpatient, outpatient &amp; dual diagnosis programs. Free insurance verification. 24/7 confidential help.",,"index, follow, max-image-preview:large, max-snippet:-1, max-video-preview:-1",Find Trusted Addiction Treatment Centers Near You,5,516ebf9bdba511e2,43848,